{
    "batch_size": 128,
    "lr": 0.0020281547836580407,
    "num_layers": 2,
    "emb_size": 96,
    "heads": 2,
    "dim_ff": 128,
    "dropout_rate": 0.013090909240560743
}
